"","sample_simple","OmyY1_2SEXY","OmyR24370Pearse","OmyR40252Pearse","OmyR19198Pearse","OmyR33562Pearse","OmyR14589Pearse"
"1","OmyAC22SILR_0001","XX","GG","TT","GG","AA","TT"
"2","OmyAC22SILR_0002","XX","GG","TT","GG","AA","TT"
"3","OmyAC22SILR_0003","XX","GG","TT","GG","AA","TT"
"4","OmyAC22SILR_0004","XY","GG","TT","GG","AA","TT"
"5","OmyAC22SILR_0005","XY","GG","TT","GG","AA","TT"
"6","OmyAC22SILR_0006","XY","GG","TT","GG","AA","TT"
"7","OmyAC22SILR_0007","XY","GA","TA","GA","AG","TA"
"8","OmyAC22SILR_0008","XX","GG","TT","GG","AA","TT"
"9","OmyAC22SILR_0009","XX","GG","TT","GG","AA","TT"
"10","OmyAC22SILR_0010","XX","GG","TT","GG","AA","TT"
"11","OmyAC22SILR_0011","00","GG","TT","GG","AA","TT"
"12","OmyAC22SILR_0012","XX","GG","00","GG","AA","TT"
"13","OmyAC22SILR_0013","XX","GG","TT","GG","AA","TT"
"14","OmyAC22SILR_0014","XY","GG","TT","GG","AA","TT"
"15","OmyAC22SILR_0015","XX","GG","TT","GG","AA","TT"
"16","OmyAC22SILR_0016","XX","GG","TT","GG","AA","TT"
"17","OmyAC22SILR_0017","XX","GG","TT","GG","AA","TT"
"18","OmyAC22SILR_0018","XX","GG","TT","GG","AA","TT"
"19","OmyAC22SILR_0019","XX","GG","TT","GG","AA","TT"
"20","OmyAC22SILR_0020","XX","GA","TA","GA","AG","TA"
"21","OmyAC22SILR_0021","XX","GG","00","GG","AA","TT"
"22","OmyAC22SILR_0022","XX","GA","TA","GA","AG","TA"
"23","OmyAC22SILR_0023","XX","GG","TT","GG","AA","TT"
"24","OmyAC22SILR_0024","XX","GG","TT","GG","AA","TT"
"25","OmyAC22SILR_0025","XY","GG","TT","GG","AA","TT"
"26","OmyAC22SILR_0026","XX","GA","00","GA","AG","TA"
"27","OmyAC22SILR_0027","XY","GG","TT","GG","AA","TT"
"28","OmyAC22SILR_0028","XY","GG","TT","GG","AA","TT"
"29","OmyAC22SILR_0029","XX","GA","TA","GA","AG","TA"
"30","OmyAC22SILR_0030","XY","GG","TT","GG","AA","TT"
"31","OmyAC22SILR_0031","XX","GG","TT","GG","AA","TT"
"32","OmyAC22SILR_0032","XX","GG","TT","GG","AA","TT"
"33","OmyAC22SILR_0033","XX","GG","TT","GG","AA","TT"
"34","OmyAC22SILR_0034","XY","GG","TT","GG","AA","TT"
"35","OmyAC22SILR_0035","XX","GG","TT","GG","AA","TT"
"36","OmyAC22SILR_0036","XX","GG","TT","GG","AA","TT"
"37","OmyAC22SILR_0037","00","GG","TT","GG","AA","TT"
"38","OmyAC22SILR_0038","XY","GG","TT","GG","AA","TT"
"39","OmyAC22SILR_0039","XX","GG","TT","GG","AA","TT"
"40","OmyAC22SILR_0040","XX","GG","TT","GG","AA","TT"
"41","OmyAC22SILR_0041","00","GG","TT","GG","AA","TT"
"42","OmyAC22SILR_0042","XX","GG","TT","GG","AA","TT"
"43","OmyAC22SILR_0043","XY","GG","TT","GG","AA","TT"
"44","OmyAC22SILR_0044","XX","GG","TT","GG","AA","TT"
"45","OmyAC22SILR_0045","XX","GG","00","GG","AA","TT"
"46","OmyAC22SILR_0046","00","GG","TT","GG","AA","TT"
"47","OmyAC22SILR_0047","XX","GG","TT","GG","AA","TT"
"48","OmyAC22SILR_0048","XY","GG","TT","GG","AA","TT"
"49","OmyAC22SILR_0049","XX","GG","TT","GG","AA","TT"
"50","OmyAC22SILR_0050","00","GA","00","GA","AG","TA"
"51","OmyAC22SILR_0051","XY","GA","00","GA","AG","TA"
"52","OmyAC22SILR_0052","XX","GG","TT","GG","AA","TT"
"53","OmyAC22SILR_0053","XX","GA","TA","GA","AG","TA"
"54","OmyAC22SILR_0054","XX","GA","TA","AA","AG","TA"
"55","OmyAC22SILR_0055","XX","GG","TT","GG","AA","TT"
"56","OmyAC22SILR_0056","XX","AA","AA","AA","GG","AA"
"57","OmyAC22SILR_0057","XY","GG","TT","GG","AA","TT"
"58","OmyAC22SILR_0058","00","GG","00","GG","AA","TT"
"59","OmyAC22SILR_0059","XX","GG","TT","GG","AA","TT"
"60","OmyAC22SILR_0060","XY","GA","00","GA","AG","TA"
"61","OmyAC22SILR_0061","XY","GG","00","00","AA","TT"
"62","OmyAC22SILR_0062","XY","GA","TA","GA","AG","TA"
"63","OmyAC22SILR_0063","XX","GG","00","GG","AA","TT"
"64","OmyAC22SILR_0064","XY","GG","TT","GG","AA","TT"
"65","OmyAC22SILR_0065","XX","GG","TT","GG","AA","TT"
"66","OmyAC22SILR_0066","XX","GA","TA","AA","AG","TA"
"67","OmyAC22SILR_0067","00","GG","TT","GG","AA","TT"
"68","OmyAC22SILR_0068","XY","GG","TT","GG","AA","TT"
"69","OmyAC22SILR_0069","XX","GG","TT","GG","AA","TT"
"70","OmyAC22SILR_0070","XY","GG","TT","GG","AA","TT"
"71","OmyAC22SILR_0071","XX","GG","TT","GG","AA","TT"
"72","OmyAC22SILR_0072","XY","GG","TT","GG","AA","TT"
"73","OmyAC22SILR_0073","XY","GA","TA","GA","AG","AA"
"74","OmyAC22SILR_0074","XX","GG","TT","GG","AA","TT"
"75","OmyAC22SILR_0075","XX","GG","TT","GG","AA","TT"
"76","OmyAC22SILR_0076","XY","GG","TT","GG","AA","TT"
"77","OmyAC22SILR_0077","XY","GG","TT","GG","AA","TT"
"78","OmyAC22SILR_0078","XX","GG","TT","GG","AA","TT"
"79","OmyAC22SILR_0079","XX","GG","TT","GG","AA","TT"
"80","OmyAC22SILR_0080","XX","GG","TT","GG","AA","TT"
"81","OmyAC22SILR_0081","XX","GG","TT","GG","AA","TT"
"82","OmyAC22SILR_0082","XY","GG","TT","GG","AA","TT"
"83","OmyAC22SILR_0083","XX","GG","00","GG","AA","TT"
"84","OmyAC22SILR_0084","XX","GG","TT","GG","AA","TT"
"85","OmyAC22SILR_0085","XX","GG","TT","GG","AA","TT"
"86","OmyAC22SILR_0086","00","GA","00","GA","AG","TA"
"87","OmyAC22SILR_0087","XY","GG","TT","GG","AA","TT"
"88","OmyAC22SILR_0088","XY","GA","AA","GA","AG","TA"
"89","OmyAC22SILR_0089","XY","GA","TA","GA","AG","TA"
"90","OmyAC22SILR_0090","XX","GG","TT","00","AA","TT"
"91","OmyAC22SILR_0091","XY","GG","TT","GG","AA","TT"
"92","OmyAC22SILR_0092","XY","GG","TT","GG","AA","TT"
"93","OmyAC22SILR_0093","XX","GG","TT","GG","AA","TT"
"94","OmyAC22SILR_0094","XX","GG","TT","GG","AA","TT"
"95","OmyAC22SILR_0095","XX","GG","TT","GG","AA","TT"
"96","OmyAC22SILR_0096","XX","GG","TT","GG","AA","TT"
"97","OmyAC22SILR_0097","XX","GA","TA","GA","AG","TA"
"98","OmyAC22SILR_0098","XX","GA","TA","AA","AG","TA"
"99","OmyAC22SILR_0099","XX","GG","TT","GG","AA","TT"
"100","OmyAC22SILR_0100","XY","GG","TT","GG","AA","TT"
"101","OmyAC22SILR_0101","XY","GG","TT","GG","AA","TT"
"102","OmyAC22SILR_0102","XY","GG","TT","GG","AA","TT"
"103","OmyAC22SILR_0103","XY","GG","TT","GG","AA","TT"
"104","OmyAC22SILR_0104","XX","GG","TT","GG","AA","TT"
"105","OmyAC22SILR_0105","XY","GG","TT","GG","AA","TT"
"106","OmyAC22SILR_0106","XX","GG","TT","GG","AA","TT"
"107","OmyAC22SILR_0107","XY","GG","TT","GG","AA","TT"
"108","OmyAC22SILR_0108","XX","GA","TA","GA","AG","TA"
"109","OmyAC22SILR_0109","XY","GG","TT","GG","AA","TT"
"110","OmyAC22SILR_0110","XX","GG","TT","GG","AA","TT"
"111","OmyAC22SILR_0111","XX","GG","TT","GG","AA","TT"
"112","OmyAC22SILR_0112","XX","GG","TT","GG","AA","TT"
"113","OmyAC22SILR_0113","XX","AA","AA","AA","GG","AA"
"114","OmyAC22SILR_0114","XX","GA","TA","GA","AG","TA"
"115","OmyAC22SILR_0115","XX","GG","00","GG","AA","TT"
"116","OmyAC22SILR_0116","XX","GG","TT","GG","AA","TT"
"117","OmyAC22SILR_0117","XX","GA","TA","AA","AG","TA"
"118","OmyAC22SILR_0118","XY","GG","TT","GG","AA","TT"
"119","OmyAC22SILR_0119","XY","GA","TA","AA","AG","TA"
"120","OmyAC22SILR_0120","XX","GA","TA","GA","AG","TA"
"121","OmyAC22SILR_0121","XX","GA","TA","GA","AG","TA"
"122","OmyAC22SILR_0122","XX","GG","TT","GG","AA","TT"
"123","OmyAC22SILR_0123","XX","GG","TT","GG","AA","TT"
"124","OmyAC22SILR_0124","XX","GA","TA","GA","AG","TA"
"125","OmyAC22SILR_0125","XX","GG","TA","GA","AA","TA"
"126","OmyAC22SILR_0126","XX","GA","TA","AA","AG","TA"
"127","OmyAC22SILR_0127","XX","GA","AA","GA","AG","TA"
"128","OmyAC22SILR_0128","XX","GG","TT","GG","AA","TT"
"129","OmyAC22SILR_0129","XX","GG","TT","GG","AA","TT"
"130","OmyAC22SILR_0130","XY","GG","TT","GG","AA","TT"
"131","OmyAC22SILR_0131","XX","GG","TT","GG","AA","TT"
"132","OmyAC22SILR_0132","XX","GG","TT","GG","AA","TT"
"133","OmyAC22SILR_0133","XX","GG","TT","GG","AA","TT"
"134","OmyAC22SILR_0134","XX","GG","TT","GG","AA","TT"
"135","OmyAC22SILR_0135","XX","GG","TT","GG","AA","TT"
"136","OmyAC22SILR_0136","XX","GG","TT","GG","AA","TT"
"137","OmyAC22SILR_0137","XY","GG","TT","GG","AA","TT"
"138","OmyAC22SILR_0138","XY","GA","TA","AA","AG","TA"
"139","OmyAC22SILR_0139","XX","GG","TT","GG","AA","TT"
"140","OmyAC22SILR_0140","XX","GG","TT","GG","AA","TT"
"141","OmyAC22SILR_0141","XX","GG","TT","GG","AA","TT"
"142","OmyAC22SILR_0142","XY","GG","TT","GG","AA","TT"
"143","OmyAC22SILR_0143","XY","GG","TT","GG","AA","TT"
"144","OmyAC22SILR_0144","XX","GG","TT","GG","AA","TT"
"145","OmyAC22SILR_0145","XY","GG","TT","GG","AA","TT"
"146","OmyAC22SILR_0146","XX","GG","TT","GG","AA","TT"
"147","OmyAC22SILR_0147","XY","GG","TT","GG","AA","TT"
"148","OmyAC22SILR_0148","XX","GG","TT","GG","AA","TT"
"149","OmyAC22SILR_0149","XY","GA","TA","AA","AG","TA"
"150","OmyAC22SILR_0150","XY","GG","TT","GG","AA","TT"
"151","OmyAC22SILR_0151","XY","GG","TT","GG","AA","TT"
"152","OmyAC22SILR_0152","XX","GA","TA","GA","AG","TA"
"153","OmyAC22SILR_0153","XX","GG","TT","GG","AA","TT"
"154","OmyAC22SILR_0154","XX","GG","TT","GG","AA","TT"
"155","OmyAC22SILR_0155","XX","GG","TT","GG","AA","TT"
"156","OmyAC22SILR_0156","XY","GG","TT","GG","AA","TT"
"157","OmyAC22SILR_0157","XY","GG","TT","GG","AA","TT"
"158","OmyAC22SILR_0158","XX","GG","TT","GG","AA","TT"
"159","OmyAC22SILR_0159","XX","GA","TA","GA","AG","TA"
"160","OmyAC22SILR_0160","XX","GG","TT","GG","AA","TT"
"161","OmyAC22SILR_0161","XX","GG","TT","GG","AA","TT"
"162","OmyAC22SILR_0162","XX","GG","TT","GG","AA","TT"
"163","OmyAC22SILR_0163","XX","GG","TT","GG","AA","TT"
"164","OmyAC22SILR_0164","XX","GG","TT","GG","AA","TT"
"165","OmyAC22SILR_0165","XY","GA","TA","GA","AG","TA"
"166","OmyAC22SILR_0166","XY","GG","TT","GG","AA","TT"
"167","OmyAC22SILR_0167","XX","GG","TT","GG","AA","TT"
"168","OmyAC22SILR_0168","XX","GA","TA","AA","AG","TA"
"169","OmyAC22SILR_0169","XX","GG","TT","GG","AA","TT"
"170","OmyAC22SILR_0170","XY","GA","TA","GA","AG","TA"
"171","OmyAC22SILR_0171","XX","GG","TT","GG","AA","TT"
"172","OmyAC22SILR_0172","XY","GG","TT","GG","AA","TT"
"173","OmyAC22SILR_0173","XY","GA","TA","GA","AG","TA"
"174","OmyAC22SILR_0174","XX","GA","TA","GA","AG","TA"
"175","OmyAC22SILR_0175","XX","GG","TT","GG","AA","TT"
"176","OmyAC22SILR_0176","XX","GG","TT","GG","AA","TT"
"177","OmyAC22SILR_0177","XX","GG","TT","GG","AA","TT"
"178","OmyAC22SILR_0178","XX","GA","TA","AA","AG","TA"
"179","OmyAC22SILR_0179","XX","GG","TT","GG","AA","TT"
"180","OmyAC22SILR_0180","XX","GG","TT","GG","AA","TT"
"181","OmyAC22SILR_0181","XX","GG","TT","GG","AA","TT"
"182","OmyAC22SILR_0182","XX","GG","TT","GG","AA","TT"
"183","OmyAC22SILR_0183","XX","GA","AA","GA","AG","TA"
"184","OmyAC22SILR_0184","XX","GG","TT","GG","AA","TT"
"185","OmyAC22SILR_0185","XX","GA","TA","GA","AG","TA"
"186","OmyAC22SILR_0186","XY","AA","AA","AA","GG","AA"
"187","OmyAC22SILR_0187","XX","GG","TT","GG","AA","TT"
"188","OmyAC22SILR_0188","XY","GG","TT","GG","AA","TT"
"189","OmyAC22SILR_0189","XX","GA","TA","AA","AG","TA"
"190","OmyAC22SILR_0190","XX","GG","TT","GG","AA","TT"
"191","OmyAC22SILR_0191","XY","GG","TT","GG","AA","TT"
"192","OmyAC22SILR_0192","XX","GG","TT","GG","AA","TT"
"193","OmyAC22SILR_0193","XX","GG","TT","GG","AA","TT"
"194","OmyAC22SILR_0194","XY","GG","TT","GG","AA","TT"
"195","OmyAC22SILR_0195","XX","GG","TT","GG","AA","TT"
"196","OmyAC22SILR_0196","XX","GA","TA","GA","AG","TA"
"197","OmyAC22SILR_0197","XX","GG","TT","00","AA","TT"
"198","OmyAC22SILR_0198","XY","GG","TT","GG","AA","TT"
"199","OmyAC22SILR_0199","XY","GG","TT","GG","AA","TT"
"200","OmyAC22SILR_0200","XY","GG","00","GG","AA","TT"
"201","OmyAC22SILR_0201","XX","GG","TT","GG","AA","TT"
"202","OmyAC22SILR_0202","XY","GG","00","GG","AA","TT"
"203","OmyAC22SILR_0203","XX","GG","TT","GG","AA","TT"
"204","OmyAC22SILR_0204","XY","GG","TT","GG","AA","TT"
"205","OmyAC22SILR_0205","XX","GA","TA","GA","AG","TA"
"206","OmyAC22SILR_0206","XY","GG","TT","GG","AA","TT"
"207","OmyAC22SILR_0207","XX","GG","TT","GG","AA","TT"
"208","OmyAC22SILR_0208","XY","GG","TT","GG","AA","TT"
"209","OmyAC22SILR_0209","XX","GA","TA","GA","AG","TA"
"210","OmyAC22SILR_0210","XX","GG","TT","GG","AA","TT"
"211","OmyAC22SILR_0211","XX","GG","TT","00","AA","TT"
"212","OmyAC22SILR_0212","XY","GG","TT","GG","AA","TT"
"213","OmyAC22SILR_0213","XX","GG","TT","GG","AA","TT"
"214","OmyAC22SILR_0214","XY","GG","00","GG","AA","TT"
"215","OmyAC22SILR_0215","XY","GA","00","AA","AG","TA"
"216","OmyAC22SILR_0216","XY","GG","TT","GG","AA","TT"
"217","OmyAC22SILR_0217","XY","GG","TT","GG","AA","TT"
"218","OmyAC22SILR_0218","XX","GG","TT","GG","AA","TT"
"219","OmyAC22SILR_0219","XX","GG","TT","GG","AA","TT"
"220","OmyAC22SILR_0220","XX","GG","TT","GG","AA","TT"
"221","OmyAC22SILR_0221","XX","GG","TT","00","AA","TT"
"222","OmyAC22SILR_0222","XX","GG","TT","GG","AA","TT"
"223","OmyAC22SILR_0223","XY","GG","TT","GG","AA","TT"
"224","OmyAC22SILR_0224","XX","GA","TA","GA","AG","TA"
"225","OmyAC22SILR_0225","XX","GG","TT","GG","AA","TT"
"226","OmyAC22SILR_0226","XY","GG","TT","GG","AA","TT"
"227","OmyAC22SILR_0227","XX","GG","TT","GG","AA","TT"
"228","OmyAC22SILR_0228","XX","GG","TT","GG","AA","TT"
"229","OmyAC22SILR_0229","XY","GG","TT","GG","AA","TT"
"230","OmyAC22SILR_0230","XY","GG","TT","GG","AA","TT"
"231","OmyAC22SILR_0231","XY","GG","TT","GG","AA","TT"
"232","OmyAC22SILR_0232","XY","GA","TA","GA","AG","TA"
"233","OmyAC22SILR_0233","00","GG","00","GG","AA","TT"
"234","OmyAC22SILR_0234","XX","GG","TT","GG","AA","TT"
"235","OmyAC22SILR_0235","XX","GG","TT","GG","AA","TT"
"236","OmyAC22SILR_0236","XX","GA","TA","GA","AG","TA"
"237","OmyAC22SILR_0237","XX","GG","TT","GG","AA","TT"
"238","OmyAC22SILR_0238","XX","GG","TT","GG","AA","TT"
"239","OmyAC22SILR_0239","XX","GG","TT","GG","AA","TT"
"240","OmyAC22SILR_0240","XY","GG","TT","GG","AA","TT"
"241","OmyAC22SILR_0241","XX","GG","TT","GG","AA","TT"
"242","OmyAC22SILR_0242","XY","GG","TT","GG","AA","TT"
"243","OmyAC22SILR_0243","XY","GG","TT","GG","AA","TT"
"244","OmyAC22SILR_0244","XX","GG","TT","GG","AA","TT"
"245","OmyAC22SILR_0245","XX","GA","TA","GA","AG","TA"
"246","OmyAC22SILR_0246","XX","GA","TA","GA","AG","TA"
"247","OmyAC22SILR_0247","XX","GA","TA","GA","AG","TA"
"248","OmyAC22SILR_0248","XX","GG","TT","GG","AA","TT"
"249","OmyAC22SILR_0249","XX","GG","TT","GG","AA","TT"
"250","OmyAC22SILR_0250","XX","GA","TA","GA","AG","TA"
"251","OmyAC22SILR_0251","XY","GG","TT","GG","AA","TT"
"252","OmyAC22SILR_0252","XY","GG","TT","GG","AA","TT"
"253","OmyAC22SILR_0253","XX","GG","TT","GG","AA","TT"
"254","OmyAC22SILR_0254","XX","AA","AA","AA","GG","AA"
"255","OmyAC22SILR_0255","XY","GA","00","GA","AG","TA"
"256","OmyAC22SILR_0256","XX","GG","TT","GG","AA","TT"
"257","OmyAC22SILR_0257","XX","GG","TT","GG","AA","TT"
"258","OmyAC22SILR_0258","XX","GA","TA","GA","AG","TA"
"259","OmyAC22SILR_0259","XX","GA","TA","GA","AG","TA"
"260","OmyAC22SILR_0260","XY","GG","TT","GG","AA","TT"
"261","OmyAC22SILR_0261","XX","GG","TT","GG","AA","TT"
"262","OmyAC22SILR_0262","XX","GG","TT","GG","AA","TT"
"263","OmyAC22SILR_0263","XX","GG","TT","GG","AA","TT"
"264","OmyAC22SILR_0264","XX","GG","TT","GG","AA","TT"
"265","OmyAC22SILR_0265","XX","GG","TT","GG","AA","TT"
"266","OmyAC22SILR_0266","XX","GG","TT","GG","AA","TT"
"267","OmyAC22SILR_0267","XY","GG","TT","GG","AA","TT"
"268","OmyAC22SILR_0268","XX","GG","TT","GG","AA","TT"
"269","OmyAC22SILR_0269","XX","GG","00","GG","AA","TT"
"270","OmyAC22SILR_0270","XX","GG","TT","GG","AA","TT"
"271","OmyAC22SILR_0271","XX","GG","TT","GG","AA","TT"
"272","OmyAC22SILR_0272","XY","AA","AA","AA","GG","AA"
"273","OmyAC22SILR_0273","XX","GG","TT","GG","AA","TT"
"274","OmyAC22SILR_0274","XX","GG","TT","GG","AA","TT"
"275","OmyAC22SILR_0275","XY","GG","TT","GG","AA","TT"
"276","OmyAC22SILR_0276","XX","GG","TT","GG","AA","TT"
"277","OmyAC22SILR_0277","XX","GG","TT","GG","AA","TT"
"278","OmyAC22SILR_0278","XX","GG","TT","GG","AA","TT"
"279","OmyAC22SILR_0279","XX","GA","TA","GA","AG","TA"
"280","OmyAC22SILR_0281","XY","GG","TT","GG","AA","TT"
"281","OmyAC22SILR_0282","XY","GG","TT","GG","AA","TT"
"282","OmyAC22SILR_0283","XY","GG","TT","GG","AA","TT"
"283","OmyAC22SILR_0284","XY","GG","TT","00","AA","TT"
"284","OmyAC22SILR_0285","XY","GG","TT","GG","AA","TT"
"285","OmyAC22SILR_0286","XY","GG","00","GG","AA","TT"
"286","OmyAC22SILR_0287","XX","AA","AA","AA","GG","AA"
"287","OmyAC22SILR_0288","XX","GG","TT","GG","AA","TT"
"288","OmyAC22SILR_0289","XX","GG","TT","GG","AA","TT"
"289","OmyAC22SILR_0290","XX","GG","TT","GG","AA","TT"
"290","OmyAC22SILR_0291","XX","GA","00","GA","AG","TA"
"291","OmyAC22SILR_0292","XX","GG","TT","GG","AA","TT"
