vial,sample,population,date,phenotypic_run,genotypic_sex,origin,Chr28_11667578,Chr28_11625241,Chr28_11658853,Omy_RAD15709-53,Chr28_11676622,Chr28_11683204,Chr28_11702210,Omy_GREB1_09,Chr28_11607954,Omy_RAD52458-17,Omy_GREB1_05,Chr28_11671116,Chr28_11773194
1,OmyAC22SILR_0001,SILR,6/21/2022,Early_Summer,XX,NOR,TT,AA,CC,AA,TT,GG,TT,GG,GG,CC,TT,CC,AA
2,OmyAC22SILR_0002,SILR,6/21/2022,Early_Summer,XX,NOR,TT,AA,CC,AA,TT,GG,TT,GG,GG,CC,TT,CC,AA
3,OmyAC22SILR_0003,SILR,6/21/2022,Early_Summer,XX,NOR,TT,AA,CC,AA,TT,GG,TT,GG,GG,CC,TT,CC,AA
4,OmyAC22SILR_0004,SILR,6/21/2022,Early_Summer,XY,NOR,TT,AA,AC,AA,TT,GG,TT,TG,GA,CC,TT,CC,AT
5,OmyAC22SILR_0005,SILR,6/24/2022,Early_Summer,XY,NOR,TT,AA,CC,AA,TT,GG,TT,GG,GG,CC,TT,CC,AA
6,OmyAC22SILR_0006,SILR,6/24/2022,Early_Summer,XY,NOR,TT,AA,CC,AA,TT,GG,TT,GG,GG,CC,TT,CC,AA
7,OmyAC22SILR_0007,SILR,6/24/2022,Early_Summer,XY,NOR,TT,AA,CC,AA,TT,GG,TT,GG,GG,CC,TT,CC,AA
8,OmyAC22SILR_0008,SILR,6/24/2022,Early_Summer,XX,NOR,TT,AA,CC,AA,TT,GG,TT,GG,GG,CC,TT,CC,AA
9,OmyAC22SILR_0009,SILR,6/24/2022,Early_Summer,XX,NOR,TT,AA,AC,AA,TT,GG,TT,TG,GA,CC,TT,CC,AT
10,OmyAC22SILR_0010,SILR,6/24/2022,Early_Summer,XX,NOR,TT,AA,AC,AA,TT,GG,TT,TG,GA,CC,TT,CC,AT
11,OmyAC22SILR_0011,SILR,6/27/2022,Early_Summer,0,NOR,TT,AA,CC,AA,TT,GG,TT,GG,GG,CC,TT,CC,AA
12,OmyAC22SILR_0012,SILR,6/27/2022,Early_Summer,XX,NOR,TT,AA,CC,AA,TT,GG,TT,GG,GG,CC,TT,CC,AA
13,OmyAC22SILR_0013,SILR,6/27/2022,Early_Summer,XX,NOR,TT,AA,CC,AA,TT,GG,TT,GG,GG,CC,TT,CC,AA
14,OmyAC22SILR_0014,SILR,6/27/2022,Early_Summer,XY,NOR,TT,AA,CC,AA,TT,GG,TT,GG,GG,CC,TT,CC,AA
15,OmyAC22SILR_0015,SILR,6/27/2022,Early_Summer,XX,NOR,TT,AA,CC,AA,TT,GG,TT,GG,GG,CC,TT,CC,AA
16,OmyAC22SILR_0016,SILR,6/27/2022,Early_Summer,XX,NOR,TT,AA,AC,AA,TT,GG,TT,GG,GG,CC,TT,CC,AA
17,OmyAC22SILR_0017,SILR,6/27/2022,Early_Summer,XX,NOR,TT,AA,CC,AA,TT,GG,TT,GG,GG,CC,TT,CC,AA
18,OmyAC22SILR_0018,SILR,6/27/2022,Early_Summer,XX,NOR,TT,AA,CC,AA,TT,GG,TT,GG,GG,CC,TT,CC,AA
19,OmyAC22SILR_0019,SILR,6/27/2022,Early_Summer,XX,NOR,TT,AA,AC,AA,TT,GG,TT,TG,GA,CC,TT,CC,AT
20,OmyAC22SILR_0020,SILR,6/27/2022,Early_Summer,XX,NOR,TT,AA,CC,AA,TT,GG,TT,GG,GG,CC,TT,CC,AA
21,OmyAC22SILR_0021,SILR,6/27/2022,Early_Summer,XX,NOR,TT,AA,AC,AA,TT,GG,TT,TG,GA,CC,TT,CC,AT
22,OmyAC22SILR_0022,SILR,6/27/2022,Early_Summer,XX,NOR,TT,AA,CC,AA,TT,GG,TT,GG,GG,CC,TT,CC,AA
23,OmyAC22SILR_0023,SILR,6/27/2022,Early_Summer,XX,NOR,TT,AA,CC,AA,TT,GG,TT,GG,GG,CC,TT,CC,AA
24,OmyAC22SILR_0024,SILR,6/27/2022,Early_Summer,XX,NOR,TT,AA,CC,AA,TT,GG,TT,GG,GG,CC,TT,CC,AA
25,OmyAC22SILR_0025,SILR,6/27/2022,Early_Summer,XY,NOR,TT,AA,CC,AA,TT,GG,TT,GG,GG,CC,TT,CC,AA
26,OmyAC22SILR_0026,SILR,6/27/2022,Early_Summer,XX,NOR,TT,AA,AC,AA,TT,GG,TT,TG,GA,CC,TT,0,AT
27,OmyAC22SILR_0027,SILR,6/27/2022,Early_Summer,XY,NOR,TT,AA,CC,AA,TT,GG,TT,GG,GG,CC,TT,CC,AA
28,OmyAC22SILR_0028,SILR,6/29/2022,Early_Summer,XY,NOR,TT,AA,CC,AA,TT,GG,TT,GG,GG,CC,TT,CC,AA
29,OmyAC22SILR_0029,SILR,6/29/2022,Early_Summer,XX,NOR,TT,AA,AC,AA,TT,GG,TT,TG,GA,CC,TT,CC,AT
30,OmyAC22SILR_0030,SILR,6/29/2022,Early_Summer,XY,NOR,TT,AA,AC,AA,TT,GG,TT,TG,GA,CC,TT,CC,AA
31,OmyAC22SILR_0031,SILR,6/29/2022,Early_Summer,XX,NOR,TT,AA,CC,AA,TT,GG,TT,GG,GG,CC,TT,CC,AA
32,OmyAC22SILR_0032,SILR,6/29/2022,Early_Summer,XX,NOR,TT,AA,CC,AA,TT,GG,TT,GG,GG,CC,TT,CC,AA
33,OmyAC22SILR_0033,SILR,6/29/2022,Early_Summer,XX,NOR,TT,AA,CC,AA,TT,GG,TT,GG,GG,CC,TT,CC,AA
34,OmyAC22SILR_0034,SILR,6/29/2022,Early_Summer,XY,NOR,TT,AA,CC,AA,TT,GG,TT,GG,GG,CC,TT,CC,AA
35,OmyAC22SILR_0035,SILR,6/29/2022,Early_Summer,XX,NOR,TT,AA,CC,AA,TT,GG,TT,GG,GG,CC,TT,CC,AA
36,OmyAC22SILR_0036,SILR,6/29/2022,Early_Summer,XX,NOR,TT,AA,AC,AA,TT,GG,TT,TG,GA,CC,TT,CC,AT
37,OmyAC22SILR_0037,SILR,6/29/2022,Early_Summer,0,NOR,TT,AA,CC,AA,TT,GG,TT,GG,GG,CC,TT,CC,AA
38,OmyAC22SILR_0038,SILR,6/29/2022,Early_Summer,XY,NOR,TT,AA,CC,AA,TT,GG,TT,GG,GG,CC,TT,CC,AA
39,OmyAC22SILR_0039,SILR,6/29/2022,Early_Summer,XX,NOR,TT,AA,CC,AA,TT,GG,TT,GG,GG,CC,TT,CC,AA
40,OmyAC22SILR_0040,SILR,7/1/2022,Early_Summer,XX,NOR,TT,AA,CC,AA,TT,GG,TT,GG,GG,CC,TT,CC,AA
41,OmyAC22SILR_0041,SILR,7/1/2022,Early_Summer,0,NOR,TT,AA,CC,AA,TT,GG,TT,GG,GG,CC,TT,CC,AA
42,OmyAC22SILR_0042,SILR,7/1/2022,Early_Summer,XX,NOR,TT,AA,CC,AA,TT,GG,TT,GG,GG,CC,TT,CC,AA
43,OmyAC22SILR_0043,SILR,7/1/2022,Early_Summer,XY,NOR,TT,AA,CC,AA,TT,GG,TT,GG,GG,CC,TT,CC,AA
44,OmyAC22SILR_0044,SILR,7/1/2022,Early_Summer,XX,NOR,TT,AA,CC,AA,TT,GG,TT,GG,GG,CC,TT,CC,AA
45,OmyAC22SILR_0045,SILR,7/1/2022,Early_Summer,XX,NOR,TT,AA,AC,AA,TT,GG,TT,TG,GA,CC,TT,CC,AT
46,OmyAC22SILR_0046,SILR,7/1/2022,Early_Summer,0,NOR,TT,AA,CC,AA,TT,GG,TT,GG,GG,CC,TT,CC,AA
47,OmyAC22SILR_0047,SILR,7/1/2022,Early_Summer,XX,NOR,TT,AA,CC,AA,TT,GG,TT,GG,GG,CC,TT,CC,AA
48,OmyAC22SILR_0048,SILR,7/1/2022,Early_Summer,XY,NOR,TT,AA,AC,AA,TT,GG,TT,TG,GA,CC,TT,CC,AT
49,OmyAC22SILR_0049,SILR,7/1/2022,Early_Summer,XX,NOR,TT,AA,AC,AA,TT,GG,TT,TG,GA,CC,TT,CC,AA
50,OmyAC22SILR_0050,SILR,7/1/2022,Early_Summer,0,NOR,TT,AA,CC,AA,TT,GG,TT,GG,GG,CC,TT,CC,AA
51,OmyAC22SILR_0051,SILR,7/5/2022,Early_Summer,XY,NOR,TT,AA,CC,AA,TT,GG,TT,GG,GG,CC,TT,0,AA
52,OmyAC22SILR_0052,SILR,7/5/2022,Early_Summer,XX,NOR,TT,AA,CC,AA,TT,GG,TT,GG,GG,CC,TT,CC,AA
53,OmyAC22SILR_0053,SILR,7/5/2022,Early_Summer,XX,NOR,TT,AA,CC,AA,TT,GG,TT,GG,GG,CC,TT,CC,AA
54,OmyAC22SILR_0054,SILR,7/5/2022,Early_Summer,XX,NOR,TT,AA,CC,AA,TT,GG,TT,GG,GG,CC,TT,CC,AA
55,OmyAC22SILR_0055,SILR,7/5/2022,Early_Summer,XX,NOR,TT,AA,CC,AA,TT,GG,TT,GG,GG,CC,TT,CC,AA
56,OmyAC22SILR_0056,SILR,7/5/2022,Early_Summer,XX,NOR,TT,AA,CC,AA,TT,GG,TT,GG,GG,CC,TT,CC,AA
57,OmyAC22SILR_0057,SILR,7/6/2022,Early_Summer,XY,NOR,TT,AA,AC,AA,TT,GG,TT,TG,GA,CC,TT,CC,AA
58,OmyAC22SILR_0058,SILR,7/6/2022,Early_Summer,0,NOR,TT,AA,AC,AA,TT,GG,TT,GG,GG,CC,TT,CC,AA
59,OmyAC22SILR_0059,SILR,7/6/2022,Early_Summer,XX,NOR,TT,AA,CC,AA,TT,GG,TT,GG,GG,CC,TT,0,AA
60,OmyAC22SILR_0060,SILR,7/6/2022,Early_Summer,XY,NOR,TT,AA,CC,AA,TT,GG,TT,GG,GG,CC,TT,CC,AA
61,OmyAC22SILR_0061,SILR,7/6/2022,Early_Summer,XY,NOR,TT,AA,CC,AA,TT,GG,TT,GG,GG,CC,TT,CC,AA
62,OmyAC22SILR_0062,SILR,7/6/2022,Early_Summer,XY,NOR,TT,AA,CC,AA,TT,GG,TT,GG,GG,CC,TT,CC,AA
63,OmyAC22SILR_0063,SILR,7/6/2022,Early_Summer,XX,NOR,TT,AA,CC,AA,TT,GG,TT,GG,GG,CC,TT,CC,AA
64,OmyAC22SILR_0064,SILR,7/6/2022,Early_Summer,XY,NOR,TT,AA,CC,AA,TT,GG,TT,GG,GG,CC,TT,CC,AA
65,OmyAC22SILR_0065,SILR,7/6/2022,Early_Summer,XX,NOR,TT,AA,CC,AA,TT,GG,TT,GG,GG,CC,TT,CC,AA
66,OmyAC22SILR_0066,SILR,7/6/2022,Early_Summer,XX,NOR,TT,AA,CC,AA,TT,GG,TT,GG,GG,CC,TT,CC,AA
67,OmyAC22SILR_0067,SILR,7/6/2022,Early_Summer,0,NOR,TT,AA,CC,AA,TT,GG,TT,GG,GG,CC,TT,CC,AA
68,OmyAC22SILR_0068,SILR,7/6/2022,Early_Summer,XY,NOR,TT,AA,CC,AA,TT,GG,TT,GG,GG,CC,TT,CC,AA
69,OmyAC22SILR_0069,SILR,7/8/2022,Early_Summer,XX,NOR,TT,AA,AC,AA,TT,GG,TT,TG,GA,CC,TT,CC,AT
70,OmyAC22SILR_0070,SILR,7/8/2022,Early_Summer,XY,NOR,TT,AA,AC,AA,TT,GG,TT,TG,GA,CC,TT,CC,AA
71,OmyAC22SILR_0071,SILR,7/8/2022,Early_Summer,XX,NOR,TT,AA,CC,AA,TT,GG,TT,GG,GG,CC,TT,CC,AA
72,OmyAC22SILR_0072,SILR,7/8/2022,Early_Summer,XY,NOR,TT,AA,CC,AA,TT,GG,TT,GG,GG,CC,TT,CC,AA
73,OmyAC22SILR_0073,SILR,7/8/2022,Early_Summer,XY,NOR,TT,AA,CC,AA,TT,GG,TT,GG,GG,CC,TT,CC,AA
74,OmyAC22SILR_0074,SILR,7/8/2022,Early_Summer,XX,NOR,TT,AA,CC,AA,TT,GG,TT,GG,GG,CC,TT,CC,AA
75,OmyAC22SILR_0075,SILR,7/8/2022,Early_Summer,XX,NOR,TT,AA,CC,AA,TT,GG,TT,GG,GG,CC,TT,CC,AA
76,OmyAC22SILR_0076,SILR,7/8/2022,Early_Summer,XY,NOR,TT,AA,CC,AA,TT,GG,TT,GG,GG,CC,TT,CC,AA
77,OmyAC22SILR_0077,SILR,7/8/2022,Early_Summer,XY,NOR,TT,AA,CC,AA,TT,GG,TT,GG,GG,CC,TT,CC,AA
78,OmyAC22SILR_0078,SILR,7/8/2022,Early_Summer,XX,NOR,TT,AA,AC,AA,TT,GG,TT,GG,GG,CC,TT,CC,AA
79,OmyAC22SILR_0079,SILR,7/8/2022,Early_Summer,XX,NOR,TT,AA,CC,AA,TT,GG,TT,GG,GG,CC,TT,CC,AA
80,OmyAC22SILR_0080,SILR,7/8/2022,Early_Summer,XX,NOR,TT,AA,CC,AA,TT,GG,TT,GG,GG,CC,TT,CC,AA
81,OmyAC22SILR_0081,SILR,7/8/2022,Early_Summer,XX,NOR,TT,AA,CC,AA,TT,GG,TT,GG,GG,CC,TT,CC,AA
82,OmyAC22SILR_0082,SILR,7/8/2022,Early_Summer,XY,NOR,TT,AA,CC,AA,TT,GG,TT,GG,GG,CC,TT,CC,AA
83,OmyAC22SILR_0083,SILR,7/8/2022,Early_Summer,XX,NOR,TT,AA,CC,AA,TT,GG,TT,GG,GG,CC,TT,CC,AA
84,OmyAC22SILR_0084,SILR,7/8/2022,Early_Summer,XX,NOR,TT,AA,CC,AA,TT,GG,TT,GG,GG,CC,TT,CC,AA
85,OmyAC22SILR_0085,SILR,7/8/2022,Early_Summer,XX,NOR,TT,AA,AA,AA,TT,GG,TT,TT,AA,CC,TT,CC,TT
86,OmyAC22SILR_0086,SILR,7/8/2022,Early_Summer,0,NOR,TT,AA,CC,AA,TT,GG,TT,GG,GG,CC,TT,0,AA
87,OmyAC22SILR_0087,SILR,7/8/2022,Early_Summer,XY,NOR,TT,AA,CC,AA,TT,GG,TT,GG,GG,CC,TT,CC,AA
88,OmyAC22SILR_0088,SILR,7/8/2022,Early_Summer,XY,NOR,TT,AA,CC,AA,TT,GG,TT,GG,GG,CC,TT,CC,AA
89,OmyAC22SILR_0089,SILR,7/8/2022,Early_Summer,XY,NOR,TT,AA,AC,AA,TT,GG,TT,GG,GG,CC,TT,CC,AA
90,OmyAC22SILR_0090,SILR,7/8/2022,Early_Summer,XX,NOR,TT,AA,CC,AA,TT,GG,TT,GG,GG,CC,TT,CC,AA
91,OmyAC22SILR_0091,SILR,7/8/2022,Early_Summer,XY,NOR,TT,AA,CC,AA,TT,GG,TT,GG,GG,CC,TT,CC,AA
92,OmyAC22SILR_0092,SILR,7/11/2022,Early_Summer,XY,NOR,TT,AA,AC,AA,TT,GG,TT,TG,GA,CC,TT,CC,AA
93,OmyAC22SILR_0093,SILR,7/11/2022,Early_Summer,XX,NOR,TT,AA,CC,AA,TT,GG,TT,GG,GG,CC,TT,CC,AA
94,OmyAC22SILR_0094,SILR,7/11/2022,Early_Summer,XX,NOR,TT,AA,AC,AA,TT,GG,TT,GG,GG,CC,TT,CC,AA
95,OmyAC22SILR_0095,SILR,7/11/2022,Early_Summer,XX,NOR,TT,AA,CC,AA,TT,GG,TT,GG,GG,CC,TT,CC,AA
96,OmyAC22SILR_0096,SILR,7/11/2022,Early_Summer,XX,NOR,TT,AA,CC,AA,TT,GG,TT,GG,GG,CC,TT,CC,AA
97,OmyAC22SILR_0097,SILR,7/11/2022,Early_Summer,XX,NOR,TT,AA,AC,AA,TT,GG,TT,TG,GA,CC,TT,CC,AT
98,OmyAC22SILR_0098,SILR,7/11/2022,Early_Summer,XX,NOR,TT,AA,AC,AA,TT,GG,TT,TG,GA,CC,TT,CC,AT
99,OmyAC22SILR_0099,SILR,7/11/2022,Early_Summer,XX,NOR,TT,AA,CC,AA,TT,GG,TT,GG,GG,CC,TT,CC,AA
100,OmyAC22SILR_0100,SILR,7/11/2022,Early_Summer,XY,NOR,TT,AA,CC,AA,TT,GG,TT,GG,GG,CC,TT,CC,AA
101,OmyAC22SILR_0101,SILR,7/11/2022,Early_Summer,XY,NOR,TT,AA,CC,AA,TT,GG,TT,GG,GG,CC,TT,CC,AA
102,OmyAC22SILR_0102,SILR,7/13/2022,Early_Summer,XY,NOR,TT,AA,CC,AA,TT,GG,TT,GG,GG,CC,TT,CC,AA
103,OmyAC22SILR_0103,SILR,7/13/2022,Early_Summer,XY,NOR,TT,AA,CC,AA,TT,GG,TT,GG,GG,CC,TT,CC,AA
104,OmyAC22SILR_0104,SILR,7/13/2022,Early_Summer,XX,NOR,TT,AA,CC,AA,TT,GG,TT,GG,GG,CC,TT,CC,AA
105,OmyAC22SILR_0105,SILR,7/13/2022,Early_Summer,XY,NOR,TT,AA,AC,AA,TT,GG,TT,TG,GA,CC,TT,CC,AT
106,OmyAC22SILR_0106,SILR,7/13/2022,Early_Summer,XX,NOR,TT,AA,CC,AA,TT,GG,TT,GG,GG,CC,TT,CC,AA
107,OmyAC22SILR_0107,SILR,7/13/2022,Early_Summer,XY,NOR,TT,AA,CC,AA,TT,GG,TT,GG,GG,CC,TT,CC,AA
108,OmyAC22SILR_0108,SILR,7/13/2022,Early_Summer,XX,NOR,TT,AA,CC,AA,TT,GG,TT,GG,GG,CC,TT,CC,AA
109,OmyAC22SILR_0109,SILR,7/13/2022,Early_Summer,XY,NOR,TT,AA,CC,AA,TT,GG,TT,GG,GG,CC,TT,CC,AA
110,OmyAC22SILR_0110,SILR,7/13/2022,Early_Summer,XX,NOR,TT,AA,CC,AA,TT,GG,TT,GG,GG,CC,TT,CC,AA
111,OmyAC22SILR_0111,SILR,7/13/2022,Early_Summer,XX,NOR,TT,AA,CC,AA,TT,GG,TT,GG,GG,CC,TT,CC,AA
112,OmyAC22SILR_0112,SILR,7/13/2022,Early_Summer,XX,NOR,TT,AA,CC,AA,TT,GG,TT,GG,GG,CC,TT,CC,AA
113,OmyAC22SILR_0113,SILR,7/13/2022,Early_Summer,XX,NOR,TT,AA,CC,AA,TT,GG,TT,GG,GG,CC,TT,CC,AA
114,OmyAC22SILR_0114,SILR,7/13/2022,Early_Summer,XX,NOR,TT,AA,CC,AA,TT,GG,TT,GG,GG,CC,TT,CC,AA
115,OmyAC22SILR_0115,SILR,7/13/2022,Early_Summer,XX,NOR,TT,AA,CC,AA,TT,GG,TT,GG,GG,CC,TT,CC,AA
116,OmyAC22SILR_0116,SILR,7/13/2022,Early_Summer,XX,NOR,TT,AA,AC,AA,TT,GG,TT,TG,GA,CC,TT,CC,AT
117,OmyAC22SILR_0117,SILR,7/13/2022,Early_Summer,XX,NOR,TT,AA,CC,AA,TT,GG,TT,GG,GG,CC,TT,CC,AA
118,OmyAC22SILR_0118,SILR,7/13/2022,Early_Summer,XY,NOR,TT,AA,CC,AA,TT,GG,TT,GG,GG,CC,TT,CC,AA
119,OmyAC22SILR_0119,SILR,7/14/2022,Early_Summer,XY,NOR,TT,AA,AC,AA,TT,GG,TT,TG,GA,CC,TT,CC,AA
120,OmyAC22SILR_0120,SILR,7/14/2022,Early_Summer,XX,NOR,TT,AA,AC,AA,TT,GG,TT,GG,GG,CC,TT,CC,AA
121,OmyAC22SILR_0121,SILR,7/14/2022,Early_Summer,XX,NOR,TT,AA,CC,AA,TT,GG,TT,GG,GG,CC,TT,CC,AA
122,OmyAC22SILR_0122,SILR,7/14/2022,Early_Summer,XX,NOR,TT,AA,CC,AA,TT,GG,TT,GG,GG,CC,TT,CC,AA
123,OmyAC22SILR_0123,SILR,7/14/2022,Early_Summer,XX,NOR,TT,AA,CC,AA,TT,GG,TT,GG,GG,CC,TT,CC,AA
124,OmyAC22SILR_0124,SILR,7/14/2022,Early_Summer,XX,NOR,TT,AA,CC,AA,TT,GG,TT,GG,GG,CC,TT,CC,AA
125,OmyAC22SILR_0125,SILR,7/14/2022,Early_Summer,XX,NOR,TT,AA,CC,AA,TG,GG,TG,GG,GG,CC,TT,CC,AA
126,OmyAC22SILR_0126,SILR,7/15/2022,Early_Summer,XX,NOR,TT,AA,CC,AA,TT,GG,TT,GG,GG,CC,TT,CC,AA
127,OmyAC22SILR_0127,SILR,7/15/2022,Early_Summer,XX,NOR,TT,AA,CC,AA,TT,GG,TT,GG,GG,CC,TT,CC,AA
128,OmyAC22SILR_0128,SILR,7/18/2022,Early_Summer,XX,NOR,TT,AA,CC,AA,TT,GG,TT,GG,GG,CC,TT,CC,AA
129,OmyAC22SILR_0129,SILR,7/18/2022,Early_Summer,XX,NOR,TT,AA,CC,AA,TT,GG,TT,GG,GG,CC,TT,CC,AA
130,OmyAC22SILR_0130,SILR,7/18/2022,Early_Summer,XY,NOR,TT,AA,CC,AA,TT,GG,TT,GG,GG,CC,TT,CC,AA
131,OmyAC22SILR_0131,SILR,7/18/2022,Early_Summer,XX,NOR,TT,AA,CC,AA,TT,GG,TT,GG,GG,CC,TT,CC,AA
132,OmyAC22SILR_0132,SILR,7/18/2022,Early_Summer,XX,NOR,TT,AA,AC,AA,TT,GG,TT,TG,GA,CC,TT,CC,AT
133,OmyAC22SILR_0133,SILR,7/18/2022,Early_Summer,XX,NOR,TT,AA,CC,AA,TT,GG,TT,GG,GG,CC,TT,CC,AA
134,OmyAC22SILR_0134,SILR,7/18/2022,Early_Summer,XX,NOR,TT,AA,CC,AA,TT,GG,TT,GG,GG,CC,TT,CC,AA
135,OmyAC22SILR_0135,SILR,7/18/2022,Early_Summer,XX,NOR,TT,AA,CC,AA,TT,GG,TT,GG,GG,CC,TT,CC,AA
136,OmyAC22SILR_0136,SILR,7/18/2022,Early_Summer,XX,NOR,TT,AA,CC,AA,TT,GG,TT,GG,GG,CC,TT,CC,AA
137,OmyAC22SILR_0137,SILR,7/18/2022,Early_Summer,XY,NOR,TT,AA,CC,AA,TT,GG,TT,GG,GG,CC,TT,CC,AA
138,OmyAC22SILR_0138,SILR,7/18/2022,Early_Summer,XY,NOR,TT,AA,CC,AA,TT,GG,TT,GG,GG,CC,TT,CC,AA
139,OmyAC22SILR_0139,SILR,7/18/2022,Early_Summer,XX,NOR,TT,AA,CC,AA,TT,GG,TT,GG,GG,CC,TT,CC,AA
140,OmyAC22SILR_0140,SILR,7/20/2022,Early_Summer,XX,NOR,TT,AA,CC,AA,TT,GG,TT,GG,GG,CC,TT,CC,AA
141,OmyAC22SILR_0141,SILR,7/20/2022,Early_Summer,XX,NOR,TT,AA,CC,AA,TT,GG,TT,GG,GG,CC,TT,CC,AA
142,OmyAC22SILR_0142,SILR,7/20/2022,Early_Summer,XY,NOR,TT,AA,CC,AA,TT,GG,TT,GG,GG,CC,TT,CC,AA
143,OmyAC22SILR_0143,SILR,7/20/2022,Early_Summer,XY,NOR,TT,AA,CC,AA,TT,GG,TT,GG,GG,CC,TT,CC,AA
144,OmyAC22SILR_0144,SILR,7/20/2022,Early_Summer,XX,NOR,TT,AA,AC,AA,TT,GG,TT,GG,GG,CC,TT,CC,AA
145,OmyAC22SILR_0145,SILR,7/20/2022,Early_Summer,XY,NOR,TT,AA,CC,AA,TT,GG,TT,GG,GG,CC,TT,CC,AA
146,OmyAC22SILR_0146,SILR,7/20/2022,Early_Summer,XX,NOR,TT,AA,CC,AA,TT,GG,TT,GG,GG,CC,TT,CC,AA
147,OmyAC22SILR_0147,SILR,7/20/2022,Early_Summer,XY,NOR,TT,AA,CC,AA,TT,GG,TT,GG,GG,CC,TT,CC,AA
148,OmyAC22SILR_0148,SILR,7/20/2022,Early_Summer,XX,NOR,TT,AA,CC,AA,TT,GG,TT,GG,GG,CC,TT,CC,AA
149,OmyAC22SILR_0149,SILR,7/21/2022,Early_Summer,XY,NOR,TT,AA,CC,AA,TT,GG,TT,GG,GG,CC,TT,CC,AA
150,OmyAC22SILR_0150,SILR,7/21/2022,Early_Summer,XY,NOR,TT,AA,CC,AA,TT,GG,TT,GG,GG,CC,TT,CC,AA
151,OmyAC22SILR_0151,SILR,7/21/2022,Early_Summer,XY,NOR,TT,AA,AC,AA,TT,GG,TT,TG,GA,CC,TT,CC,AT
152,OmyAC22SILR_0152,SILR,7/21/2022,Early_Summer,XX,NOR,TT,AA,CC,AA,TT,GG,TT,GG,GG,CC,TT,CC,AA
153,OmyAC22SILR_0153,SILR,7/21/2022,Early_Summer,XX,NOR,TT,AA,CC,AA,TT,GG,TT,GG,GG,CC,TT,CC,AA
154,OmyAC22SILR_0154,SILR,7/21/2022,Early_Summer,XX,NOR,TT,AA,CC,AA,TT,GG,TT,GG,GG,CC,TT,CC,AA
155,OmyAC22SILR_0155,SILR,7/21/2022,Early_Summer,XX,NOR,TT,AA,CC,AA,TT,GG,TT,GG,GG,CC,TT,CC,AA
156,OmyAC22SILR_0156,SILR,7/21/2022,Early_Summer,XY,NOR,TT,AA,CC,AA,TT,GG,TT,GG,GG,CC,TT,CC,AA
157,OmyAC22SILR_0157,SILR,7/21/2022,Early_Summer,XY,NOR,TT,AA,CC,AA,TT,GG,TT,GG,GG,CC,TT,CC,AA
158,OmyAC22SILR_0158,SILR,7/21/2022,Early_Summer,XX,NOR,TT,AA,CC,AA,TT,GG,TT,GG,GG,CC,TT,CC,AA
159,OmyAC22SILR_0159,SILR,7/21/2022,Early_Summer,XX,NOR,TT,AA,AC,AA,TT,GG,TT,TG,GA,CC,TT,CC,AT
160,OmyAC22SILR_0160,SILR,7/25/2022,Early_Summer,XX,NOR,TT,AA,CC,AA,TT,GG,TT,GG,GG,CC,TT,CC,AA
161,OmyAC22SILR_0161,SILR,7/25/2022,Early_Summer,XX,NOR,TT,AA,CC,AA,TT,GG,TT,GG,GG,CC,TT,CC,AA
162,OmyAC22SILR_0162,SILR,7/25/2022,Early_Summer,XX,NOR,TT,AA,CC,AA,TT,GG,TT,GG,GG,CC,TT,CC,AA
163,OmyAC22SILR_0163,SILR,7/25/2022,Early_Summer,XX,NOR,TT,AA,CC,AA,TT,GG,TT,GG,GG,CC,TT,CC,AA
164,OmyAC22SILR_0164,SILR,7/25/2022,Early_Summer,XX,NOR,TT,AA,CC,AA,TT,GG,TT,GG,GG,CC,TT,CC,AA
165,OmyAC22SILR_0165,SILR,7/25/2022,Early_Summer,XY,NOR,TT,AA,CC,AA,TT,GG,TT,GG,GG,CC,TT,CC,AA
166,OmyAC22SILR_0166,SILR,7/25/2022,Early_Summer,XY,NOR,TT,AA,CC,AA,TT,GG,TT,GG,GG,CC,TT,CC,AA
167,OmyAC22SILR_0167,SILR,7/25/2022,Early_Summer,XX,NOR,TC,AG,AC,GA,TG,GT,TG,TG,AA,CC,TT,CC,AT
168,OmyAC22SILR_0168,SILR,7/25/2022,Early_Summer,XX,NOR,TT,AA,CC,AA,TT,GG,TT,GG,GG,CC,TT,CC,AA
169,OmyAC22SILR_0169,SILR,7/25/2022,Early_Summer,XX,NOR,TT,AA,CC,AA,TT,GG,TT,GG,GG,CC,TT,CC,AA
170,OmyAC22SILR_0170,SILR,7/27/2022,Early_Summer,XY,NOR,TT,AA,CC,AA,TT,GG,TT,GG,GG,CC,TT,CC,AA
171,OmyAC22SILR_0171,SILR,7/27/2022,Early_Summer,XX,NOR,TT,AA,CC,AA,TT,GG,TT,GG,GG,CC,TT,CC,AA
172,OmyAC22SILR_0172,SILR,7/27/2022,Early_Summer,XY,NOR,TC,AG,CC,GA,TT,GT,TG,GG,GA,CC,TG,CC,AA
173,OmyAC22SILR_0173,SILR,7/27/2022,Early_Summer,XY,NOR,TT,AA,CC,AA,TT,GG,TT,GG,GG,CC,TT,CC,AA
174,OmyAC22SILR_0174,SILR,7/27/2022,Early_Summer,XX,NOR,TT,AA,CC,AA,TT,GG,TT,GG,GG,CC,TT,CC,AA
175,OmyAC22SILR_0175,SILR,7/27/2022,Early_Summer,XX,NOR,TT,AA,CC,AA,TT,GG,TT,GG,GG,CC,TT,CC,AA
176,OmyAC22SILR_0176,SILR,7/28/2022,Early_Summer,XX,NOR,TT,AA,CC,AA,TT,GG,TT,GG,GG,CC,TT,CC,AA
177,OmyAC22SILR_0177,SILR,7/28/2022,Early_Summer,XX,NOR,TT,AA,CC,AA,TT,GG,TT,GG,GG,CC,TT,CC,AA
178,OmyAC22SILR_0178,SILR,7/28/2022,Early_Summer,XX,NOR,TT,AA,CC,AA,TT,GG,TT,GG,GG,CC,TT,CC,AA
179,OmyAC22SILR_0179,SILR,7/28/2022,Early_Summer,XX,NOR,TT,AA,CC,AA,TT,GG,TT,GG,GG,CC,TT,CC,AA
180,OmyAC22SILR_0180,SILR,7/28/2022,Early_Summer,XX,NOR,TT,AA,CC,AA,TT,GG,TT,GG,GG,CC,TT,CC,AA
181,OmyAC22SILR_0181,SILR,7/29/2022,Early_Summer,XX,NOR,TT,AA,CC,AA,TT,GG,TT,GG,GG,CC,TT,CC,AA
182,OmyAC22SILR_0182,SILR,8/1/2022,Late_Summer,XX,NOR,TT,AA,CC,AA,TT,GG,TT,GG,GG,CC,TT,CC,AA
183,OmyAC22SILR_0183,SILR,8/1/2022,Late_Summer,XX,NOR,TT,AA,CC,AA,TT,GG,TT,GG,GG,CC,TT,CC,AA
184,OmyAC22SILR_0184,SILR,8/1/2022,Late_Summer,XX,NOR,TT,AA,CC,AA,TT,GG,TT,GG,GG,CC,TT,CC,AA
185,OmyAC22SILR_0185,SILR,8/1/2022,Late_Summer,XX,NOR,TT,AA,CC,AA,TT,GG,TT,GG,GG,CC,TT,CC,AA
186,OmyAC22SILR_0186,SILR,8/1/2022,Late_Summer,XY,NOR,TT,AA,CC,AA,TT,GG,TT,GG,GG,CC,TT,CC,AA
187,OmyAC22SILR_0187,SILR,8/1/2022,Late_Summer,XX,NOR,TT,AA,CC,AA,TT,GG,TT,GG,GG,CC,TT,CC,AA
188,OmyAC22SILR_0188,SILR,8/3/2022,Late_Summer,XY,NOR,TT,AA,CC,AA,TT,GG,TT,GG,GG,CC,TT,CC,AA
189,OmyAC22SILR_0189,SILR,8/4/2022,Late_Summer,XX,NOR,TT,AA,AC,AA,TT,GG,TT,TG,GA,CC,TT,CC,AA
190,OmyAC22SILR_0190,SILR,8/5/2022,Late_Summer,XX,NOR,TT,AA,AC,AA,TT,GG,TT,GG,GG,CC,TT,CC,AA
191,OmyAC22SILR_0191,SILR,8/6/2022,Late_Summer,XY,NOR,TT,AA,CC,AA,TT,GG,TT,GG,GG,CC,TT,CC,AA
192,OmyAC22SILR_0192,SILR,8/5/2022,Late_Summer,XX,NOR,TT,AA,CC,AA,TT,GG,TT,GG,GG,CC,TT,CC,AA
193,OmyAC22SILR_0193,SILR,8/5/2022,Late_Summer,XX,NOR,TT,AA,CC,AA,TT,GG,TT,GG,GG,CC,TT,CC,AA
194,OmyAC22SILR_0194,SILR,8/5/2022,Late_Summer,XY,NOR,TT,AA,CC,AA,TT,GG,TT,GG,GG,CC,TT,CC,AA
195,OmyAC22SILR_0195,SILR,8/8/2022,Late_Summer,XX,NOR,TT,AA,CC,AA,TT,GG,TT,GG,GG,CC,TT,CC,AA
196,OmyAC22SILR_0196,SILR,8/8/2022,Late_Summer,XX,NOR,TT,AA,AC,AA,TT,GG,TT,GG,GG,CC,TT,CC,AA
197,OmyAC22SILR_0197,SILR,8/8/2022,Late_Summer,XX,NOR,TT,AA,CC,AA,TT,GG,TT,GG,GG,CC,TT,CC,AA
198,OmyAC22SILR_0198,SILR,8/8/2022,Late_Summer,XY,NOR,TT,AA,CC,AA,TT,GG,TT,GG,GG,CC,TT,CC,AA
199,OmyAC22SILR_0199,SILR,8/8/2022,Late_Summer,XY,NOR,TT,AA,CC,AA,TT,GG,TT,GG,GG,CC,TT,CC,AA
200,OmyAC22SILR_0200,SILR,8/10/2022,Late_Summer,XY,NOR,TT,AA,CC,AA,TT,GG,TT,GG,GG,CC,TT,CC,AA
201,OmyAC22SILR_0201,SILR,8/12/2022,Late_Summer,XX,NOR,TT,AA,CC,AA,TT,GG,TT,GG,GG,CC,TT,CC,AA
202,OmyAC22SILR_0202,SILR,8/15/2022,Late_Summer,XY,NOR,TT,AA,CC,AA,TT,GG,TT,GG,GG,CC,TT,CC,AA
203,OmyAC22SILR_0203,SILR,8/15/2022,Late_Summer,XX,NOR,TT,AA,CC,AA,TT,GG,TT,GG,GG,CC,TT,CC,AA
204,OmyAC22SILR_0204,SILR,8/15/2022,Late_Summer,XY,NOR,TC,AG,AC,GA,TG,GT,TG,GG,GG,0,TG,CT,AA
205,OmyAC22SILR_0205,SILR,8/15/2022,Late_Summer,XX,NOR,TT,AA,AC,AA,TT,GG,TT,TG,GA,CC,TT,CC,AA
206,OmyAC22SILR_0206,SILR,8/15/2022,Late_Summer,XY,NOR,TT,AA,CC,AA,TT,GG,TT,GG,GG,CC,TT,CC,AA
207,OmyAC22SILR_0207,SILR,8/15/2022,Late_Summer,XX,NOR,TT,AA,CC,AA,TT,GG,TT,GG,GG,CC,TT,CC,AA
208,OmyAC22SILR_0208,SILR,8/15/2022,Late_Summer,XY,NOR,TT,AA,AC,AA,TT,GG,TT,TG,GA,CC,TT,CC,AA
209,OmyAC22SILR_0209,SILR,8/15/2022,Late_Summer,XX,NOR,TT,AA,CC,AA,TT,GG,TT,GG,GG,CC,TT,CC,AA
210,OmyAC22SILR_0210,SILR,8/15/2022,Late_Summer,XX,NOR,TT,AA,AC,AA,TT,GG,TT,TG,GA,CC,TT,CC,AT
211,OmyAC22SILR_0211,SILR,8/15/2022,Late_Summer,XX,NOR,TT,AA,AC,AA,TT,GG,TT,TG,GA,CC,TT,CC,AA
212,OmyAC22SILR_0212,SILR,8/15/2022,Late_Summer,XY,NOR,TT,AA,CC,AA,TT,GG,TT,GG,GG,CC,TT,CC,AA
213,OmyAC22SILR_0213,SILR,8/15/2022,Late_Summer,XX,NOR,TT,AA,CC,AA,TT,GG,TT,GG,GG,CC,TT,CC,AA
214,OmyAC22SILR_0214,SILR,8/18/2022,Late_Summer,XY,NOR,TT,AA,CC,AA,TT,GG,TT,GG,GG,CC,TT,0,AA
215,OmyAC22SILR_0215,SILR,8/18/2022,Late_Summer,XY,NOR,TT,AA,CC,AA,TT,GG,TT,GG,GG,CC,TT,0,AA
216,OmyAC22SILR_0216,SILR,8/18/2022,Late_Summer,XY,NOR,TT,AA,CC,AA,TT,GG,TT,GG,GG,CC,TT,CC,AA
217,OmyAC22SILR_0217,SILR,8/18/2022,Late_Summer,XY,NOR,TT,AA,CC,AA,TT,GG,TT,GG,GG,CC,TT,CC,AA
218,OmyAC22SILR_0218,SILR,8/18/2022,Late_Summer,XX,NOR,TT,AA,CC,AA,TT,GG,TT,GG,GG,CC,TT,CC,AA
219,OmyAC22SILR_0219,SILR,8/18/2022,Late_Summer,XX,NOR,TT,AA,CC,AA,TT,GG,TT,GG,GG,CC,TT,CC,AA
220,OmyAC22SILR_0220,SILR,8/18/2022,Late_Summer,XX,NOR,TT,AA,CC,AA,TT,GG,TT,GG,GG,CC,TT,CC,AA
221,OmyAC22SILR_0221,SILR,8/18/2022,Late_Summer,XX,NOR,TT,AA,CC,AA,TT,GG,TT,GG,GG,CC,TT,CC,AA
222,OmyAC22SILR_0222,SILR,8/18/2022,Late_Summer,XX,NOR,TT,AA,AC,AA,TT,GG,TT,TG,GA,CC,TT,CC,AT
223,OmyAC22SILR_0223,SILR,8/22/2022,Late_Summer,XY,NOR,TT,AA,CC,AA,TT,GG,TT,GG,GG,CC,TT,CC,AA
224,OmyAC22SILR_0224,SILR,8/22/2022,Late_Summer,XX,NOR,TT,AA,CC,AA,TT,GG,TT,GG,GG,CC,TT,CC,AA
225,OmyAC22SILR_0225,SILR,8/22/2022,Late_Summer,XX,NOR,TT,AA,CC,AA,TT,GG,TT,GG,GG,CC,TT,CC,AA
226,OmyAC22SILR_0226,SILR,8/22/2022,Late_Summer,XY,NOR,TT,AA,CC,AA,TT,GG,TT,GG,GG,CC,TT,CC,AA
227,OmyAC22SILR_0227,SILR,8/22/2022,Late_Summer,XX,NOR,TT,AA,CC,AA,TT,GG,TT,GG,GG,CC,TT,CC,AA
228,OmyAC22SILR_0228,SILR,8/22/2022,Late_Summer,XX,NOR,TT,AA,CC,AA,TT,GG,TT,GG,GG,CC,TT,CC,AA
229,OmyAC22SILR_0229,SILR,8/22/2022,Late_Summer,XY,NOR,TT,AA,CC,AA,TT,GG,TT,GG,GG,CC,TT,CC,AA
230,OmyAC22SILR_0230,SILR,8/25/2022,Late_Summer,XY,NOR,TT,AA,CC,AA,TT,GG,TT,GG,GG,CC,TT,CC,AA
231,OmyAC22SILR_0231,SILR,8/25/2022,Late_Summer,XY,NOR,TT,AA,CC,AA,TT,GG,TT,GG,GG,CC,TT,CC,AA
232,OmyAC22SILR_0232,SILR,8/25/2022,Late_Summer,XY,NOR,TT,AA,CC,AA,TT,GG,TT,GG,GG,CC,TT,CC,AA
233,OmyAC22SILR_0233,SILR,8/29/2022,Late_Summer,0,NOR,TC,AA,CC,GA,TG,GT,TG,GG,GA,CC,TG,CT,AA
234,OmyAC22SILR_0234,SILR,9/2/2022,Late_Summer,XX,NOR,TT,AA,CC,AA,TT,GG,TT,GG,GG,CC,TT,CC,AA
235,OmyAC22SILR_0235,SILR,9/6/2022,Late_Summer,XX,NOR,TT,AA,CC,AA,TT,GG,TT,GG,GG,CC,TT,CC,AA
236,OmyAC22SILR_0236,SILR,9/14/2022,Late_Summer,XX,NOR,TT,AA,CC,AA,TT,GG,TT,GG,GG,CC,TT,CC,AA
237,OmyAC22SILR_0237,SILR,9/28/2022,Late_Summer,XX,NOR,TC,AA,CC,GA,TG,GT,TG,GG,GA,CC,TG,CT,AA
238,OmyAC22SILR_0238,SILR,9/28/2022,Late_Summer,XX,NOR,TC,AG,CC,GA,TT,GT,TG,GG,GA,CC,TT,CC,AT
239,OmyAC22SILR_0239,SILR,9/29/2022,Late_Summer,XX,NOR,TT,AA,CC,AA,TT,GG,TT,GG,GG,CC,TT,CC,AA
240,OmyAC22SILR_0240,SILR,9/29/2022,Late_Summer,XY,NOR,TC,AG,CC,GA,TG,GG,TG,GG,GA,CC,TT,CT,AA
241,OmyAC22SILR_0241,SILR,9/29/2022,Late_Summer,XX,NOR,TT,AA,CC,AA,TT,GG,TT,GG,GG,CC,TT,CC,AA
242,OmyAC22SILR_0242,SILR,9/29/2022,Late_Summer,XY,NOR,TT,AA,CC,AA,TT,GG,TT,GG,GG,CC,TT,CC,AA
243,OmyAC22SILR_0243,SILR,9/29/2022,Late_Summer,XY,NOR,TT,AA,CC,AA,TT,GG,TT,GG,GG,CC,TT,CC,AA
244,OmyAC22SILR_0244,SILR,9/29/2022,Late_Summer,XX,NOR,TT,AA,AC,AA,TT,GG,TT,TG,GA,CC,TT,CC,AA
245,OmyAC22SILR_0245,SILR,9/29/2022,Late_Summer,XX,NOR,TT,AA,CC,AA,TT,GG,TT,GG,GG,CC,TT,CC,AA
246,OmyAC22SILR_0246,SILR,9/30/2022,Late_Summer,XX,NOR,TT,AA,CC,AA,TT,GG,TT,GG,GG,CC,TT,CC,AA
247,OmyAC22SILR_0247,SILR,9/26/2022,Late_Summer,XX,NOR,TT,AA,CC,AA,TT,GG,TT,GG,GG,CC,TT,CC,AA
248,OmyAC22SILR_0248,SILR,9/30/2022,Late_Summer,XX,NOR,TT,AA,AC,AA,TT,GG,TT,TG,GA,CC,TT,CC,AT
249,OmyAC22SILR_0249,SILR,9/30/2022,Late_Summer,XX,NOR,TT,AA,CC,AA,TT,GG,TT,GG,GG,CC,TT,CC,AA
250,OmyAC22SILR_0250,SILR,9/30/2022,Late_Summer,XX,NOR,TT,AA,CC,AA,TT,GG,TT,GG,GG,CC,TT,CC,AA
251,OmyAC22SILR_0251,SILR,9/30/2022,Late_Summer,XY,NOR,TT,AA,CC,AA,TT,GG,TT,GG,GG,CC,TT,CC,AA
252,OmyAC22SILR_0252,SILR,9/30/2022,Late_Summer,XY,NOR,TC,AG,CC,GA,TG,GT,TG,GG,GA,CC,TG,CC,AT
253,OmyAC22SILR_0253,SILR,9/30/2022,Late_Summer,XX,NOR,TC,AG,CC,GA,TG,GT,TG,GG,GA,CC,TT,CC,AA
254,OmyAC22SILR_0254,SILR,9/30/2022,Late_Summer,XX,NOR,TT,AA,CC,AA,TT,GG,TT,GG,GG,CC,TT,CC,AA
255,OmyAC22SILR_0255,SILR,9/30/2022,Late_Summer,XY,NOR,TT,AA,CC,AA,TT,GG,TT,GG,GG,CC,TT,CC,AA
256,OmyAC22SILR_0256,SILR,9/30/2022,Late_Summer,XX,NOR,TC,AG,CC,GA,TG,GT,TG,GG,GG,CC,TG,CT,AT
257,OmyAC22SILR_0257,SILR,10/3/2022,Late_Summer,XX,NOR,TT,AA,CC,AA,TT,GG,TT,GG,GG,CC,TT,CC,AA
258,OmyAC22SILR_0258,SILR,10/3/2022,Late_Summer,XX,NOR,TT,AG,CC,AA,TT,GT,TG,GG,GA,CC,TG,CC,AA
259,OmyAC22SILR_0259,SILR,10/3/2022,Late_Summer,XX,NOR,TT,AA,CC,AA,TT,GG,TT,GG,GG,CC,TT,CC,AA
260,OmyAC22SILR_0260,SILR,10/3/2022,Late_Summer,XY,NOR,TT,AA,AC,AA,TT,GG,TT,GG,GG,CC,TT,CC,AA
261,OmyAC22SILR_0261,SILR,10/13/2022,Late_Summer,XX,NOR,TT,AA,CC,AA,TT,GG,TT,GG,GG,CC,TT,CC,AA
262,OmyAC22SILR_0262,SILR,10/20/2022,Late_Summer,XX,NOR,TT,AA,CC,AA,TT,GG,TT,GG,GG,CC,TT,CC,AA
263,OmyAC22SILR_0263,SILR,10/20/2022,Late_Summer,XX,NOR,TT,AG,CC,AA,TT,GT,TG,GG,GA,CC,TG,CC,AA
264,OmyAC22SILR_0264,SILR,10/26/2022,Late_Summer,XX,NOR,TT,AA,CC,AA,TT,GG,TT,GG,GG,CC,TT,CC,AA
265,OmyAC22SILR_0265,SILR,10/26/2022,Late_Summer,XX,NOR,TC,AG,CC,GA,TT,GT,TG,GG,GA,CC,TG,CC,AA
266,OmyAC22SILR_0266,SILR,10/26/2022,Late_Summer,XX,NOR,TT,AA,CC,AA,TT,GG,TT,GG,GG,CC,TT,CC,AA
267,OmyAC22SILR_0267,SILR,10/26/2022,Late_Summer,XY,NOR,TT,AA,CC,AA,TT,GG,TT,GG,GG,CC,TT,CC,AA
268,OmyAC22SILR_0268,SILR,10/26/2022,Late_Summer,XX,NOR,TT,AA,CC,AA,TT,GG,TT,GG,GG,CC,TT,CC,AA
269,OmyAC22SILR_0269,SILR,10/31/2022,Late_Summer,XX,NOR,TC,AG,CC,GA,TG,GT,TG,GG,GG,0,TG,CT,AA
270,OmyAC22SILR_0270,SILR,10/31/2022,Late_Summer,XX,NOR,TT,AA,CC,AA,TT,GG,TT,GG,GG,CC,TT,CC,AA
271,OmyAC22SILR_0271,SILR,10/31/2022,Late_Summer,XX,NOR,TT,AA,CC,AA,TT,GG,TT,GG,GG,CC,TT,CC,AA
272,OmyAC22SILR_0272,SILR,10/31/2022,Late_Summer,XY,NOR,TT,AA,CC,AA,TT,GG,TT,GG,GG,CC,TT,CC,AA
273,OmyAC22SILR_0273,SILR,10/31/2022,Late_Summer,XX,NOR,TT,AA,CC,AA,TT,GG,TT,GG,GG,CC,TT,CC,AA
274,OmyAC22SILR_0274,SILR,10/31/2022,Late_Summer,XX,NOR,TT,AA,CC,AA,TT,GG,TT,GG,GG,CC,TT,CC,AA
275,OmyAC22SILR_0275,SILR,10/31/2022,Late_Summer,XY,NOR,TT,AA,CC,AA,TT,GG,TT,GG,GG,CC,TT,CC,AA
276,OmyAC22SILR_0276,SILR,10/31/2022,Late_Summer,XX,NOR,TT,AA,CC,AA,TT,GG,TT,GG,GG,CC,TT,CC,AA
277,OmyAC22SILR_0277,SILR,10/31/2022,Late_Summer,XX,NOR,TT,AA,CC,AA,TT,GG,TT,GG,GG,CC,TT,CC,AA
278,OmyAC22SILR_0278,SILR,10/31/2022,Late_Summer,XX,NOR,TT,AA,AC,AA,TT,GG,TT,TG,GA,CC,TT,CC,AT
279,OmyAC22SILR_0279,SILR,10/31/2022,Late_Summer,XX,NOR,TC,AG,CC,GA,TG,GT,TG,GG,GA,CC,TT,CT,AA
281,OmyAC22SILR_0281,SILR,10/31/2022,Late_Summer,XY,NOR,TT,AA,CC,AA,TT,GG,TT,GG,GG,CC,TT,CC,AA
282,OmyAC22SILR_0282,SILR,10/31/2022,Late_Summer,XY,NOR,TT,AA,CC,AA,TT,GG,TT,GG,GG,CC,TT,CC,AA
283,OmyAC22SILR_0283,SILR,10/31/2022,Late_Summer,XY,NOR,TC,AG,CC,GA,TT,GT,TG,GG,GA,CC,TT,CC,AA
284,OmyAC22SILR_0284,SILR,10/31/2022,Late_Summer,XY,NOR,TC,AA,CC,GA,TG,GT,TG,GG,GA,CC,TG,CT,AA
285,OmyAC22SILR_0285,SILR,10/31/2022,Late_Summer,XY,NOR,TT,AA,CC,AA,TT,GG,TT,GG,GG,CC,TT,CC,AA
286,OmyAC22SILR_0286,SILR,10/31/2022,Late_Summer,XY,NOR,TT,AA,CC,AA,TT,GG,TT,GG,GG,CC,TT,CC,AA
287,OmyAC22SILR_0287,SILR,10/31/2022,Late_Summer,XX,NOR,TC,AG,CC,GA,TT,GT,TG,GG,GA,CC,TT,CC,AT
288,OmyAC22SILR_0288,SILR,11/4/2022,Winter,XX,NOR,TT,AA,CC,AA,TT,GG,TT,GG,GG,CC,TT,CC,AA
289,OmyAC22SILR_0289,SILR,11/4/2022,Winter,XX,NOR,TT,AA,CC,AA,TT,GG,TT,GG,GG,CC,TT,CC,AA
290,OmyAC22SILR_0290,SILR,11/4/2022,Winter,XX,NOR,TT,AA,CC,AA,TT,GG,TT,GG,GG,CC,TT,CC,AA
291,OmyAC22SILR_0291,SILR,11/4/2022,Winter,XX,NOR,TT,AA,CC,AA,TT,GG,TT,GG,GG,CC,TT,CC,AA
292,OmyAC22SILR_0292,SILR,11/4/2022,Winter,XX,NOR,TT,AA,AA,AA,TT,GG,TT,TT,AA,CC,TT,CC,TT
